date,close,volume,open,high,low
12/12/2017,38.56,9121543,38.24,38.815,38.03
12/11/2017,38.46,9110945,38.05,38.55,37.61
12/8/2017,38.01,9476192,38.41,38.78,37.92
12/7/2017,38.13,16023830,37.83,38.33,37.73
12/6/2017,37.82,14610390,36.71,37.85,36.55
12/5/2017,37.3,15790420,36.04,37.6299,35.81
12/4/2017,36.75,15748860,37.77,38.25,36.66
12/1/2017,37.27,13550240,37.02,37.68,36.54
11/30/2017,37.45,16348800,37.87,38,37.12
11/29/2017,37.83,18198420,38.4,38.61,37.1
11/28/2017,38.57,8234967,38.76,38.96,38.3
11/27/2017,38.66,9573157,39,39.13,38.52
11/24/2017,39.21,7256261,39.72,39.73,39.05
11/22/2017,39.79,9315593,40.2,40.4599,39.45
11/21/2017,39.88,13800560,39.495,40.37,39.495
11/20/2017,39.2,20039560,40.36,40.45,38.9
11/17/2017,40.25,16661900,40.34,40.73,39.95
11/16/2017,40.22,18044880,39.64,40.58,39.34
11/15/2017,39.35,19449030,38.5,39.38,37.79
11/14/2017,38.9,38816610,41,41.05,38.25
11/13/2017,41.34,43595560,41.97,42.77,40.85
11/10/2017,39.96,16799350,39.83,40.4,39.17
11/9/2017,39.8,16887570,40.19,40.22,38.89
11/8/2017,40.33,17086790,39.91,40.83,39.85
11/7/2017,39.79,14530930,39.69,39.9,39.09
11/6/2017,39.01,14477400,39.01,39.18,38.6
11/3/2017,38.42,15399330,38.4,38.61,38.21
11/2/2017,37.88,17666060,38.24,38.67,37.6652
11/1/2017,37.86,15783690,38,38.31,37.72
10/31/2017,37.52,13555550,37.84,38.03,37.275
10/30/2017,37.42,15633950,37.81,37.87,36.94
10/27/2017,37.36,23617840,37.01,37.47,35.79
10/26/2017,36.81,19120120,37.56,37.68,36.71
10/25/2017,37.4,22007460,38.55,38.97,37.13
10/24/2017,38.52,11836300,38.66,38.815,38.46
10/23/2017,38.43,13442140,39.15,39.2,38.33
10/20/2017,39,20217710,39.7,39.75,38.69
10/19/2017,39.38,16244910,39.8,40.18,39.21
10/18/2017,40.32,19057660,40,40.77,39.57
10/17/2017,39.59,12064980,39.95,40.15,39.37
10/16/2017,39.67,19926190,40.14,40.15,38.96
10/13/2017,38.72,13031250,38.71,38.97,38.44
10/12/2017,38.51,14529260,39.6,39.62,38.4401
10/11/2017,39.62,14050650,40.37,40.42,39.52
10/10/2017,40.17,16500670,39.29,40.29,39.1
10/9/2017,38.91,9479723,39.4,39.47,38.69
10/6/2017,39.24,9680201,38.98,39.7187,38.9328
10/5/2017,39.14,11709210,38.62,39.2662,38.21
10/4/2017,38.34,21426970,39.21,39.21,37.61
10/3/2017,39.21,15939750,39.93,40.23,39.1
10/2/2017,39.1,18680840,38.4,39.94,38.3
9/29/2017,38.2,23293870,38.375,38.83,37.82
9/28/2017,38.65,24862560,39.48,39.5,38.21
9/27/2017,39.71,19841380,40.71,40.84,39.33
9/26/2017,40.32,15065030,41.56,41.78,40.11
9/25/2017,40.93,17092740,42.04,42.09,40.47
9/22/2017,42.37,11619880,42.48,42.68,42.16
9/21/2017,42.98,14573190,43.9,43.96,42.41
9/20/2017,44.44,8012776,44.39,44.55,43.715
9/19/2017,44.33,9247356,45,45.0399,43.83
9/18/2017,44.74,11191500,45.45,45.83,44.71
9/15/2017,44.91,16883860,45.585,45.6,44.7
9/14/2017,45.25,12922940,44.84,45.93,44.52
9/13/2017,45.27,20074820,43.45,45.28,43.36
9/12/2017,43.29,14160740,42.36,43.5,41.81
9/11/2017,42.04,10252680,41.71,42.5,41.71
9/8/2017,41.15,7006968,41.76,41.9558,41.07
9/7/2017,41.83,5642755,41.73,42.133,41.57
9/6/2017,41.64,7881048,41.7,42.18,41.135
9/5/2017,41.4,9549241,41.525,41.88,40.97
9/1/2017,41.99,6080333,41.93,42.49,41.68
8/31/2017,41.91,9882140,42.38,42.51,41.397
8/30/2017,41.94,9574624,40.9,42.05,40.895
8/29/2017,40.84,9359818,39.4,41.07,39.33
8/28/2017,40.35,14668610,41,41.1217,39.43
8/25/2017,40.87,15733390,42.04,42.14,40.36
8/24/2017,42.07,13466860,42.81,42.96,41.45
8/23/2017,42.44,14370160,42.13,43.06,41.85
8/22/2017,42.15,15559220,41.87,42.215,41.15
8/21/2017,41.26,17194450,40.4,41.47,40.21
8/18/2017,40.13,19097130,41.06,41.17,39.93
8/17/2017,40.8,30613030,43.04,43.15,40.75
8/16/2017,43.65,14075250,44.47,44.95,43.46
8/15/2017,44.05,18814430,44.94,44.98,43.26
8/14/2017,44.25,36753860,45,45.45,43.06
8/11/2017,45.9,16121370,45.5,46.2134,44.91
8/10/2017,46.09,12348970,47.5,47.85,45.76
8/9/2017,47.84,10066590,47.64,47.88,46.89
8/8/2017,48.15,16047440,47.92,48.99,47.63
8/7/2017,47.56,10426040,46.64,47.95,46.27
8/4/2017,46.4,5770201,45.6,46.415,45.34
8/3/2017,45.3,8275859,45.49,45.73,44.66
8/2/2017,45.25,7935164,45.55,45.75,44.16
8/1/2017,45.55,6137266,45.82,45.91,45.25
7/31/2017,45.17,11461640,45.27,45.9838,44.44
7/28/2017,45.22,8918493,44.7,45.9608,44.2
7/27/2017,45.16,16169200,46.5,46.85,43.88
7/26/2017,45.87,15712460,44.76,46.85,44.6196
7/25/2017,44.46,8473769,43.75,44.73,43.27
7/24/2017,43.54,5838453,43.15,43.68,43.05
7/21/2017,43.08,4152382,43,43.235,42.4
7/20/2017,42.92,5823727,43.26,43.49,42.515
7/19/2017,43.22,12207990,43.4,44.09,42.7707
7/18/2017,42.99,10032690,41.6,43.1,41.34
7/17/2017,41.63,7558345,42.05,42.14,40.97
7/14/2017,42.01,7268722,41.38,42.135,41.175
7/13/2017,41.43,5137832,41.5,41.91,41.01
7/12/2017,41.44,8109609,41.27,41.98,41.2
7/11/2017,40.81,8023998,40.59,41.335,40.32
7/10/2017,40.42,9638066,39.25,40.635,39.21
7/7/2017,39.22,6602039,39.1,39.66,39.1
7/6/2017,39.11,8527039,39.21,39.49,38.71
7/5/2017,39.76,11583160,38.95,39.9201,38.51
7/3/2017,38.86,5713432,39.83,39.83,38.75
6/30/2017,39.22,13270610,39.865,39.95,38.74
6/29/2017,39.5,14941100,41.15,41.19,39.22
6/28/2017,41.28,13711880,41.49,41.52,39.63
6/27/2017,40.69,16060830,42.79,42.95,40.53
6/26/2017,43.08,17091980,43.31,44.18,42.0502
6/23/2017,42.95,15888550,41.3,43.06,41
6/22/2017,41.33,10949740,40.62,41.45,40.6
6/21/2017,41.09,15997430,39.19,41.27,38.95
6/20/2017,38.9,8645640,39.6,39.84,38.75
6/19/2017,39.74,17051980,39.455,40.32,39.35
6/16/2017,38.17,10296080,37.92,38.585,37.73
6/15/2017,38.12,17084990,38.03,38.14,36.77
6/14/2017,38.4,14851480,39.57,39.5745,38.2
6/13/2017,39.27,11061740,39.83,40.14,38.9365
6/12/2017,39.22,18019300,39,39.62,37.98
6/9/2017,39,23275550,42.49,42.51,38.46
6/8/2017,41.92,23888980,43.41,43.8,41.22
6/7/2017,41.18,7186360,40.3,41.43,40.15
6/6/2017,40.18,6317029,40.2,40.55,40.07
6/5/2017,40.32,5542540,40.32,40.53,40.07
6/2/2017,40.23,8712158,40.32,40.37,39.86
6/1/2017,40.29,10061090,40.2,40.47,39.98
5/31/2017,40.03,14495010,40.72,40.79,39.69
5/30/2017,40.79,7109470,41.1,41.1,40.37
5/26/2017,40.99,6779624,40.93,41.1,40.615
5/25/2017,41.02,9737039,41,41.35,40.715
5/24/2017,40.44,10723830,40.86,40.91,39.77
5/23/2017,40.72,11555080,41.96,41.97,40.32
5/22/2017,41.66,11471080,41.61,41.97,41.2
5/19/2017,41.06,12317610,40.47,41.72,40.42
5/18/2017,40.16,12520580,39.025,40.395,38.59
5/17/2017,40.04,10261300,40.2,40.96,39.96
5/16/2017,40.77,14957620,40.28,41,40.23
5/15/2017,40.23,12495820,40.99,41.0118,39.91
5/12/2017,40.56,13922530,39.82,40.72,39.77
5/11/2017,39.76,13037490,39.15,40,38.75
5/10/2017,39.32,16743170,38.55,39.36,38.42
5/9/2017,38.53,16207530,38.84,38.99,38.28
5/8/2017,38.55,31337450,37.88,39.09,37.69
5/5/2017,35.78,9009780,35.5,35.9,35.16
5/4/2017,35.4,10000640,35.26,35.495,34.9578
5/3/2017,35.15,7919572,35.53,35.53,34.51
5/2/2017,35.45,5175240,35.35,35.565,34.87
5/1/2017,35.34,5709770,35.14,35.45,35.02
4/28/2017,35.07,4759564,35.5,35.5,34.73
4/27/2017,35.3,4978996,35.05,35.32,34.97
4/26/2017,34.94,6069918,35.06,35.075,34.8
4/25/2017,34.96,6890004,35,35.07,34.88
4/24/2017,34.57,9595918,34.78,34.94,34.36
4/21/2017,34.35,11713350,34.14,34.725,34
4/20/2017,33.97,7943534,34.04,34.14,33.45
4/19/2017,33.36,10221760,33.16,34,33.1
4/18/2017,32.84,4273453,32.67,33.005,32.55
4/17/2017,32.72,4364846,32.67,33.0899,32.58
4/13/2017,32.47,3018778,32.74,32.87,32.45
4/12/2017,32.71,6817951,32.31,32.88,32.31
4/11/2017,32.3,8053233,32.7,33.281,32.22
4/10/2017,32.67,8303755,32.16,32.92,32.15
4/7/2017,32.01,5623881,32.2,32.25,31.57
4/6/2017,32.23,5814838,31.69,32.26,31.49
4/5/2017,31.53,5352961,31.58,32.06,31.44
4/4/2017,31.44,4915742,31.8,31.89,31.23
4/3/2017,31.92,7934148,31.43,32.1,31.27
3/31/2017,31.11,5974705,31.4,31.56,31.085
3/30/2017,31.56,4907507,31.5,31.89,31.47
3/29/2017,31.58,3152526,31.5,31.67,31.425
3/28/2017,31.46,5861145,31.33,32,31.21
3/27/2017,31.38,4041950,31,31.55,30.76
3/24/2017,31.26,5795415,31.42,31.84,31.1
3/23/2017,31.29,8924209,30.85,31.35,30.61
3/22/2017,30.58,6722880,30.18,30.61,29.88
3/21/2017,30.32,9312647,31.88,31.93,30.14
3/20/2017,31.72,4228496,31.57,31.87,31.54
3/17/2017,31.56,6465085,31.77,31.77,31.34
3/16/2017,31.54,6352360,31.87,32.21,31.44
3/15/2017,31.38,4334880,31.35,31.53,31.08
3/14/2017,31.37,4364713,31.46,31.59,31.11
3/13/2017,31.69,6473355,31.27,31.82,31.15
3/10/2017,31.06,5970093,31.35,31.55,30.945
3/9/2017,31.2,5527440,31.15,31.51,30.96
3/8/2017,31.34,8223636,30.61,31.64,30.6
3/7/2017,30.75,7457389,30.2,30.94,29.96
3/6/2017,30.41,8109569,30.97,30.98,30.24
3/3/2017,30.93,9198534,31.32,31.58,30.87
3/2/2017,30.93,22174230,31.74,32.47,30.48
3/1/2017,30.67,7920719,30.83,30.99,30.56
2/28/2017,30.57,8639265,30.97,31.16,30.36
2/27/2017,30.8,5946160,30.3,30.91,30.25
2/24/2017,30.27,4641317,30.5,30.52,30.03
2/23/2017,30.61,9921265,30.75,30.88,30.23
2/22/2017,30.47,6604136,30.27,30.67,30.1
2/21/2017,30.23,5131289,30,30.285,29.81
2/17/2017,29.85,7080140,29.57,30.27,29.51
2/16/2017,30.23,7694667,30.32,30.57,30.03
2/15/2017,30.14,7996511,29.5,30.25,29.4
2/14/2017,29.43,3330771,29.48,29.74,29.28
2/13/2017,29.52,6083086,29.52,29.65,29.105
2/10/2017,29.38,4491403,29.21,29.525,29.01
2/9/2017,29.01,6234499,28.96,29.2,28.76
2/8/2017,28.98,3758066,28.81,29.06,28.63
2/7/2017,28.81,4820219,28.66,28.94,28.46
2/6/2017,28.54,3919197,28.64,28.8,28.35
2/3/2017,28.32,3670480,28.28,28.4,28.08
2/2/2017,28.17,4403282,28,28.21,27.88
2/1/2017,28.13,4109167,28.59,28.59,28.02
1/31/2017,28.4,4381626,28.32,28.46,28.01
1/30/2017,28.56,3595482,28.17,28.64,28.06
1/27/2017,28.36,3106833,28.35,28.5,28.12
1/26/2017,28.32,6034303,28.8,28.8,28.18
1/25/2017,28.59,7459979,28.77,28.84,28.3538
1/24/2017,28.54,13821870,28.5,28.91,28.22
1/23/2017,28.18,9950532,27.5,28.27,27.46
1/20/2017,27.6,7111248,27.96,28.14,27.54
1/19/2017,27.75,10272180,27.3,27.84,27.13
1/18/2017,27.16,5974193,27.34,27.5,26.86
1/17/2017,27.21,7705325,26.82,27.65,26.71
1/13/2017,26.84,5926207,26.77,26.9,26.52
1/12/2017,26.61,4867276,26.83,26.83,26.48
1/11/2017,26.77,5497474,26.76,27.18,26.445
1/10/2017,26.9,20416880,26.3,27.1,26.25
1/9/2017,26.26,8072075,26.64,26.95,26.14
1/6/2017,26.27,6221081,26.3,26.41,25.92
1/5/2017,26.3,10178460,26.15,26.8,26.05
1/4/2017,25.85,7842936,26.05,26.085,25.585
1/3/2017,25.82,8232963,25.95,26.11,25.64
12/30/2016,25.44,3531505,25.68,25.84,25.285
12/29/2016,25.64,3361467,25.76,25.9115,25.56
12/28/2016,25.74,2865924,26.09,26.195,25.61
12/27/2016,25.93,5188205,25.52,26.21,25.455
12/23/2016,25.49,5616297,25.51,25.85,25.34
12/22/2016,25.62,4416247,25.86,25.9,25.49
12/21/2016,25.88,3901351,25.42,25.96,25.42
12/20/2016,25.52,4920789,25.72,25.72,25.31
12/19/2016,25.38,4807946,25.6,25.64,25.25
12/16/2016,25.61,7772815,25.73,26.16,25.57
12/15/2016,25.77,9720949,26.74,26.74,25.58
12/14/2016,26.95,10953530,26.69,27.38,26.51
12/13/2016,26.66,7137258,26.31,26.92,25.92
12/12/2016,26.16,6363298,26.38,26.62,25.82
12/9/2016,26.84,7880835,26.87,26.97,26.265
12/8/2016,26.97,8041678,26.99,27.2,26.69
12/7/2016,26.98,17786710,25.76,27.19,25.72
12/6/2016,25.83,4675218,26.09,26.26,25.77
12/5/2016,25.95,7500154,25.86,26.315,25.58
12/2/2016,25.88,9466938,26.32,26.45,25.72
12/1/2016,26.3,11124460,26.79,26.95,26.18
11/30/2016,26.87,15082720,26.85,27.4,26.665
11/29/2016,26.85,29889550,25.84,27.7,25.75
11/28/2016,25.83,9668378,25.56,25.945,25.5399
11/25/2016,25.54,6497668,25.89,25.99,25.43
11/23/2016,25.74,5930170,25.76,25.95,25.65
11/22/2016,25.81,7103361,26,26.135,25.64
11/21/2016,26,7463761,26.5,26.5601,25.89
11/18/2016,26.45,5630787,26.75,26.89,26.255
11/17/2016,26.75,8590293,26.5,26.93,26.33
11/16/2016,26.51,9381635,25.62,26.6,25.62
11/15/2016,26.41,38331060,25.69,26.96,25.29
11/14/2016,23.71,15580140,24.23,24.23,23.375
11/11/2016,24.04,12219740,24.25,24.52,23.68
11/10/2016,24.39,10140900,25.5,25.5,23.88
11/9/2016,25.13,6505396,24.6,25.58,24.6
11/8/2016,25.44,6738788,25.51,25.55,25.015
11/7/2016,25.46,8150094,25.18,25.715,25
11/4/2016,24.65,6955440,24.57,24.77,24.31
11/3/2016,24.67,6655144,24.54,25.05,24.51
11/2/2016,24.74,14148550,25.44,25.5,24.37
11/1/2016,25.31,9235626,25.9,26.04,25.18
10/31/2016,25.95,5344374,26.03,26.44,25.93
10/28/2016,25.9,8031905,25.7,26.05,25.38
10/27/2016,25.88,9052465,26.59,26.68,25.73
10/26/2016,26.48,4686801,26.32,26.57,26.14
10/25/2016,26.42,4890198,26.55,26.69,26.25
10/24/2016,26.5,11699350,27,27.12,26.09
10/21/2016,26.87,5321539,26.61,26.9,26.58
10/20/2016,26.65,8357358,26.17,26.855,26.17
10/19/2016,26.3,6041417,26.36,26.58,26.09
10/18/2016,26.26,5730624,26.78,26.79,26.2
10/17/2016,26.31,5581126,26.3,26.84,26.14
10/14/2016,26.5,7042580,26.72,26.78,26.27
10/13/2016,26.27,13972230,26.15,26.27,25.53
10/12/2016,26.59,8216175,26.61,26.82,26.34
10/11/2016,26.75,7146104,27.24,27.405,26.58
10/10/2016,27.3,7988785,27.04,27.51,26.77
10/7/2016,27.03,9587087,27.4,27.5,26.8
10/6/2016,27.4,15625400,28.45,28.53,26.96
10/5/2016,27.93,23484940,27.59,28.09,27.28
10/4/2016,27.49,29475930,26.15,29.235,26.125
10/3/2016,26.11,9293766,26.03,26.13,25.7
9/30/2016,26.09,6534927,26.01,26.32,25.92
9/29/2016,25.98,16217580,26.22,26.48,25.8
9/28/2016,26.29,9453586,26.64,26.87,26.01
9/27/2016,26.68,12230890,26.6,27.29,26.55
9/26/2016,26.54,11145090,26.54,26.61,26.35
9/23/2016,26.84,12991550,26.32,26.99,26.18
9/22/2016,26.3,17209040,26,26.4,25.86
9/21/2016,25.88,12865010,25.94,26.03,25.54
9/20/2016,25.85,8860644,25.88,26.16,25.68
9/19/2016,26.05,8575085,26.34,26.48,25.93
9/16/2016,26.23,11369990,26.23,26.55,26.01
9/15/2016,26.13,12176150,26,26.13,25.62
9/14/2016,26.01,16713280,26.59,26.69,25.71
9/13/2016,26.53,10895130,26.22,26.575,26.11
9/12/2016,26.5,12456450,25.6,26.575,25.55
9/9/2016,26.37,13864040,26.86,26.95,26.34
9/8/2016,26.86,8676151,26.6,27.08,26.55
9/7/2016,26.55,9256052,26.57,26.78,26.48
9/6/2016,26.54,18270290,25.72,27,25.72
9/2/2016,25.55,9813716,25.9,26.07,25.52
9/1/2016,25.71,5557419,25.41,25.73,25.33
8/31/2016,25.41,10211400,25.5,25.695,25.2
8/30/2016,25.59,6171656,25.71,25.95,25.495
8/29/2016,25.61,5313360,25.85,25.85,25.47
8/26/2016,25.79,9557962,25.46,25.99,25.42
8/25/2016,25.42,9101223,25.4,25.7,25.295
8/24/2016,25.56,9632542,25.97,26.08,25.51
8/23/2016,25.94,8980175,25.81,26.3,25.785
8/22/2016,25.77,7809738,25.95,25.99,25.52
8/19/2016,25.91,20549000,26.15,26.2,25.7
8/18/2016,25.4,10071250,25.34,25.52,25.12
8/17/2016,25.39,12083340,24.9,25.44,24.8
8/16/2016,25.02,13694980,25.57,25.58,24.75
8/15/2016,25.32,16610640,24.86,25.62,24.85
8/12/2016,24.65,27804140,23.27,24.89,22.93
8/11/2016,23.29,17637230,23.65,24,23.07
8/10/2016,23.41,33711860,24.11,24.6,23.26
8/9/2016,22.37,19974500,22.36,22.69,22.05
8/8/2016,22.35,11741600,21.82,22.37,21.55
8/5/2016,21.85,8360265,21.5,22.1725,21.29
8/4/2016,21.37,9709274,21.65,21.73,21.22
8/3/2016,21.73,6009109,21.65,21.78,21.51
8/2/2016,21.8,5044948,21.86,21.98,21.56
8/1/2016,21.84,7040812,21.69,22.13,21.66
7/29/2016,21.65,8820690,22.11,22.13,21.55
7/28/2016,22.14,5435626,22.2,22.27,21.97
7/27/2016,22.36,5465326,22.5,22.64,22.2
7/26/2016,22.48,10487090,21.85,22.65,21.74
7/25/2016,21.85,4859423,22,22.02,21.51
7/22/2016,21.92,7021829,22.06,22.06,21.65
7/21/2016,21.99,12056340,22.87,22.87,21.94
7/20/2016,22.66,12062490,22.52,22.9,22.32
7/19/2016,22.42,11323700,21.85,22.6,21.85
7/18/2016,22.14,10226430,21.4,22.35,21.4
7/15/2016,21.41,6554867,21.73,21.78,21.31
7/14/2016,21.68,8904153,21.95,21.98,21.63
7/13/2016,21.68,9887433,22.2,22.3,21.51
7/12/2016,22.21,12984620,22.14,22.3,21.87
7/11/2016,21.76,17041140,20.88,22.01,20.85
7/8/2016,20.72,9715058,20.61,20.73,20.34
7/7/2016,20.57,6776043,20.46,20.665,20.31
7/6/2016,20.38,13668470,20.55,20.64,20.035
7/5/2016,20.86,10696590,21.18,21.3,20.4
7/1/2016,21.31,8287993,21.23,21.5,20.98
6/30/2016,21.23,14122040,20.39,21.34,20.3399
6/29/2016,20.39,11705740,20.48,20.823,20.305
6/28/2016,20.32,14641720,20.53,20.99,20.175
6/27/2016,20.24,11272860,20.54,20.65,19.909
6/24/2016,20.64,23649020,20.39,21.25,20.25
6/23/2016,21.46,6162237,21.42,21.51,21.04
6/22/2016,21.2,15244850,21.12,21.52,20.77
6/21/2016,21.13,11876100,21.37,21.48,20.91
6/20/2016,21.06,28216680,20.68,22.04,20.6
6/17/2016,20.13,14205100,20.51,20.56,19.85
6/16/2016,20.43,26101930,19.95,20.51,19.51
6/15/2016,20.17,19721790,21,21,19.91
6/14/2016,20.9,15174960,21.06,21.14,20.38
6/13/2016,20.99,9698173,20.95,21.28,20.8
6/10/2016,21.06,13279590,21.4,21.53,20.885
6/9/2016,21.71,20337960,21.07,21.82,20.82
6/8/2016,21.24,27699220,22.2,22.27,21.21
6/7/2016,22.01,35778540,23.51,23.54,21.71
6/6/2016,23.32,9133421,23.16,23.505,23.12
6/3/2016,22.98,13131920,23.71,23.9,22.85
6/2/2016,23.66,11889330,24,24.22,23.445
6/1/2016,23.79,17695290,24.35,24.37,23.68
5/31/2016,24.61,95370700,24.57,25,24.17
5/27/2016,24.25,16104180,23.32,24.28,23.18
5/26/2016,23.17,12485520,23.31,23.39,22.86
5/25/2016,22.98,18156070,23.8,23.9,22.805
5/24/2016,23.79,17843250,23.19,24.04,23.01
5/23/2016,22.89,8443086,23.41,23.46,22.8
5/20/2016,23.45,11508740,23.18,23.91,23.18
5/19/2016,23.11,12931410,23.35,23.94,22.84
5/18/2016,23.6,12681750,23.74,23.93,23.31
5/17/2016,23.88,14688140,23.28,24.42,23.28
5/16/2016,23.37,14552960,22.82,23.51,22.82
5/13/2016,22.64,16478700,22.48,22.94,22.35
5/12/2016,22.11,28227890,23.53,23.68,22.02
5/11/2016,23.13,19284370,24.01,24.01,23
5/10/2016,23.77,15698040,23.23,24.19,23.22
5/9/2016,23.43,45305790,23.99,23.99,22.67
5/6/2016,25.2,15379300,24.93,25.45,24.48
5/5/2016,24.85,13346680,25.07,25.17,24.59
5/4/2016,24.22,15503120,24.31,24.72,24.14
5/3/2016,24.4,12706570,25.13,25.13,24.25
5/2/2016,25.29,9603835,25.52,25.65,24.97
4/29/2016,25.56,13835300,25.58,26.28,24.9
4/28/2016,25.65,12187470,25.36,26.3,25.36
4/27/2016,25.34,22129090,25.11,25.84,25
4/26/2016,25.07,51166660,27.43,27.58,24.55
4/25/2016,27.43,7491466,28.09,28.1992,27.31
4/22/2016,28.3,7818226,28.6,28.77,27.66
4/21/2016,28.79,6354544,28.75,29.21,28.68
4/20/2016,28.68,7914234,28.6,28.79,28.41
4/19/2016,28.85,9269347,29.66,29.77,28.595
4/18/2016,29.34,9042569,29.73,29.86,29
4/15/2016,29.88,7269482,29.89,30.01,29.77
4/14/2016,29.63,5552938,29.49,29.87,29.3
4/13/2016,29.58,13914820,28.78,29.79,28.72
4/12/2016,28.1,10061390,27.19,28.17,27.19
4/11/2016,27.28,8124315,27,27.73,26.96
4/8/2016,26.86,4830820,26.94,27.34,26.715
4/7/2016,26.51,7843407,26.8,27,26.43
4/6/2016,26.74,9575950,26.74,26.99,26.18
4/5/2016,26.52,6661683,26.35,26.76,26.201
4/4/2016,26.64,8024295,26.76,27.05,26.37
4/1/2016,26.76,10965620,26.26,27.25,26.09
3/31/2016,26.5,8153707,27.37,27.48,26.42
3/30/2016,27.24,11988040,26.66,27.615,26.66
3/29/2016,26.42,15247210,25.84,26.63,25.59
3/28/2016,25.82,9130395,26.32,26.33,25.635
3/24/2016,26.36,7917968,26.46,26.46,26.1
3/23/2016,26.74,8013593,26.91,27.05,26.29
3/22/2016,26.99,6469489,26.7,27.04,26.58
3/21/2016,26.96,10530260,27.26,27.56,26.58
3/18/2016,27.08,12872700,27.17,27.36,26.52
3/17/2016,27.03,9659942,27.5,28.04,26.985
3/16/2016,27.84,7240802,27.03,27.96,26.95
3/15/2016,27.16,6979250,27.45,27.5,26.865
3/14/2016,27.74,7486492,28,28.25,27.69
3/11/2016,27.83,11839030,26.75,27.92,26.53
3/10/2016,26.39,8236936,26.48,26.815,26.01
3/9/2016,26.34,6110183,26.16,26.48,25.77
3/8/2016,26.07,9148942,25.85,26.34,25.76
3/7/2016,26.14,12718740,26.28,26.56,25.9
3/4/2016,26.48,13871530,25.94,26.55,25.68
3/3/2016,25.59,15802500,26.78,26.78,25.21
3/2/2016,26.64,14632030,27.12,27.13,26.26
3/1/2016,26.5,17266620,26.89,27.19,26.31
2/29/2016,25.71,14091480,25.33,26,25.28
2/26/2016,25.41,8236477,25.66,25.8,25.16
2/25/2016,24.93,10988320,24.75,25.1,24.44
2/24/2016,25.68,10380200,25.1,25.76,24.3
2/23/2016,25.59,5601468,26.01,26.17,25.5
2/22/2016,26.32,8158183,26.09,26.47,25.67
2/19/2016,25.54,7525272,25.2,25.82,24.89
2/18/2016,25.33,11866550,25.9,25.9,25.01
2/17/2016,25.72,17418170,25.42,26.2,24.86
2/16/2016,24.98,20054110,24.76,25.99,24.18
2/12/2016,23.13,13873110,23.1,23.41,22.45
2/11/2016,22.9,20170370,22.53,23.13,22.135
2/10/2016,23.24,12413730,23.38,23.56,22.84
2/9/2016,22.88,16699040,22.7,23.525,22.47
2/8/2016,23.21,30395730,23.05,23.26,22.18
2/5/2016,23.64,19811010,24.69,24.95,23.51
2/4/2016,24.96,20950450,24,25.26,23.97
2/3/2016,23.81,20207820,24.68,24.79,23.37
2/2/2016,24.67,11175710,25.32,25.57,24.525
2/1/2016,25.59,10770530,25.62,25.96,25.14
1/29/2016,26.03,11894360,25.85,26.35,25.5
1/28/2016,25.37,21535950,26,26.08,24.97
1/27/2016,25.38,21128720,27.04,27.04,25.145
1/26/2016,27,6803198,26.75,27.2,26.09
1/25/2016,27.03,6970375,27.12,27.525,26.95
1/22/2016,27.27,9429077,27.89,27.89,26.955
1/21/2016,26.69,8421142,26.17,27.16,25.8
1/20/2016,26.38,23345550,26.5,26.88,25.36
1/19/2016,27.41,14006220,28.32,28.635,26.94
1/15/2016,26.99,13605710,26.5,27.29,26.35
1/14/2016,28.12,9756807,27.35,28.43,26.8502
1/13/2016,27.1,8936375,28.37,28.5,26.78
1/12/2016,28.205,11202470,27.52,28.3,27.245
1/11/2016,27.03,18824020,27.35,27.73,25.97
1/8/2016,27.62,15162870,28.58,28.9,27.47
1/7/2016,27.95,18152790,28.34,29.15,27.65
1/6/2016,29.76,12987480,29.23,30.03,29.05
1/5/2016,30,9329041,30.05,30.3,29.6
1/4/2016,29.53,18200180,30.66,30.66,29
12/31/2015,32.265,3463995,31.96,32.71,31.63
12/30/2015,32.08,3734331,32.09,32.61,31.91
12/29/2015,32.65,6274480,32.19,32.945,32.05
12/28/2015,31.89,6160910,32.5,32.545,31.37
12/24/2015,32.58,1728928,32.65,32.78,32.54
12/23/2015,32.54,4869393,32.57,33.1,32.51
12/22/2015,32.53,6373222,32.45,32.64,32.15
12/21/2015,32.5,4771598,32.94,33.1,32.38
12/18/2015,32.65,8384501,32.11,32.79,31.93
12/17/2015,32.38,10458830,32.65,33.48,31.89
12/16/2015,32.225,6816076,31.9,32.355,31.75
12/15/2015,31.58,7276280,31,31.9,31
12/14/2015,30.84,7076142,30.78,30.85,30.03
12/11/2015,30.55,11736270,31.15,31.3,30.53
12/10/2015,31.6,7783369,31.58,31.75,31.16
12/9/2015,31.58,5257014,31.77,32.08,31.205
12/8/2015,31.89,7745187,31.97,32.25,31.58
12/7/2015,32.53,6416628,32.36,32.62,31.89
12/4/2015,32.25,9709922,31.35,32.37,31.1
12/3/2015,31.56,9450603,32,32.48,31.08
12/2/2015,31.93,11924380,31.7,32.44,31.3
12/1/2015,31.5,12626340,30.38,31.58,30.2
11/30/2015,30.68,37035870,30.38,30.93,29.84
11/27/2015,29.95,6163416,29.1,30.05,29.07
11/25/2015,29.99,6705368,30.45,30.75,29.825
11/24/2015,30.35,7979443,30.6,31.18,30.1
11/23/2015,30.68,14031580,30.08,31.07,29.99
11/20/2015,29.99,11501340,29.33,30.05,29.13
11/19/2015,29.05,9054015,28.71,29.215,28.3266
11/18/2015,28.56,10244210,29.15,29.2,27.95
11/17/2015,28.93,13861200,29.19,29.95,28.67
11/16/2015,28.81,26162960,26.71,29.58,26.5308
11/13/2015,26.75,23026650,27.82,28.25,26.6
11/12/2015,28.78,15862000,28.18,29.45,27.65
11/11/2015,27.88,14746990,28.44,28.49,26.85
11/10/2015,28.2,12357870,28.62,28.7,27.3
11/9/2015,28.76,10373920,29.89,29.95,28.41
11/6/2015,29.7,11361310,29,29.95,28.37
11/5/2015,28.8,9709669,29.56,29.57,27.87
11/4/2015,29.27,7948026,30,30.26,29.17
11/3/2015,29.37,10874140,28.71,29.9,28.65
11/2/2015,28.65,9771949,27.5,28.88,27.31
10/30/2015,27.62,7371953,27.55,27.805,27.45
10/29/2015,27.69,9712210,27.74,27.85,26.82
10/28/2015,27.68,9983630,27.5,28.11,27.24
10/27/2015,27.66,13370520,27.71,28.07,27.09
10/26/2015,26.84,7497887,27.3,27.49,26.78
10/23/2015,27.1,17472060,27.23,27.52,26.93
10/22/2015,26.2,15796580,26.3,26.93,25.81
10/21/2015,26.01,6717094,26.32,26.89,25.825
10/20/2015,26.53,7121941,27.09,27.4,26.46
10/19/2015,27.09,8144780,26.89,27.415,26.63
10/16/2015,26.89,9548642,26.37,26.95,26.14
10/15/2015,26.26,17659090,26.06,26.7,25.39
10/14/2015,25.52,21660420,27,27,25.1
10/13/2015,26.91,13866570,28.32,28.32,26.83
10/12/2015,28.72,8952706,28.62,28.75,27.95
10/9/2015,28.41,14903860,27.47,28.77,27.29
10/8/2015,27.32,16766920,27.41,27.49,26.23
10/7/2015,27.54,14349430,28.14,28.68,27.42
10/6/2015,27.71,11738030,28.7,28.7,27.445
10/5/2015,28.78,12293300,29.15,29.15,28.35
10/2/2015,28.91,19815820,26.98,29.4,26.5
10/1/2015,26.5,7527451,26.75,27.07,25.44
9/30/2015,26.06,13388840,25.46,26.5,25.2
9/29/2015,24.43,8960735,24.8,24.9066,24.11
9/28/2015,24.69,12135390,25.62,25.89,24.67
9/25/2015,25.94,12660280,25.77,26.8,25.6
9/24/2015,25.34,7699968,24.33,25.43,24.13
9/23/2015,24.38,12217120,25.63,25.88,24.06
9/22/2015,25.54,6284638,25.5,25.8499,25.14
9/21/2015,25.98,6718694,26.94,26.94,25.85
9/18/2015,26.43,12659040,27.02,27.54,26.285
9/17/2015,27.64,11760390,26.34,27.96,26.32
9/16/2015,26.99,16437110,25.4,27.05,25.19
9/15/2015,24.98,9255239,24.29,25.14,24.1001
9/14/2015,24.21,8164847,23.5,24.47,23.29
9/11/2015,24.26,11195040,24.1,24.29,23.15
9/10/2015,24.19,12960220,24.5,24.82,24.035
9/9/2015,24.67,20122570,24.8,25.85,24.5
9/8/2015,23.95,31306480,24.08,25.98,23.28
9/4/2015,22.81,14536750,24,24.46,22.64
9/3/2015,24.41,9324210,24.92,25.14,24.39
9/2/2015,24.87,7207026,25.24,25.65,24.22
9/1/2015,24.88,10543250,25.17,25.92,24.68
8/31/2015,25.88,10409920,26.66,26.705,25.665
8/28/2015,26.77,10343310,26.27,27.48,26.27
8/27/2015,27.1,12742460,26.48,27.1497,26.0299
8/26/2015,25.59,12703460,25.51,25.8,24.55
8/25/2015,25.06,13005510,26.5,27.92,24.995
8/24/2015,23.93,21339720,22.7,24.94,21.55
8/21/2015,25.05,16368620,24.03,26.06,23.66
8/20/2015,24.9,12089300,26.1,26.28,24.89
8/19/2015,26.78,9998670,26.68,27,26
8/18/2015,26.62,7864219,26.51,27.14,26.2
8/17/2015,27.33,10496930,27.8,27.96,27.13
8/14/2015,28.12,10105370,27,28.225,27
8/13/2015,27.05,12345850,27.47,27.57,26.9
8/12/2015,26.77,32307560,26.97,27.02,25.64
8/11/2015,28.02,24392150,29.67,29.6999,27.37
8/10/2015,30.06,21166600,30.88,31,29.67
8/7/2015,32.07,15015820,33.03,34.2,31.65
8/6/2015,32.81,9133731,34.3,34.77,32.63
8/5/2015,34.32,7416369,34.32,34.99,34.16
8/4/2015,33.99,8668470,33.17,34.02,33
8/3/2015,32.92,5368319,32.53,33.94,32.45
7/31/2015,33.03,6922137,33.7,33.7,31.73
7/30/2015,33.37,3819655,33.1,33.82,33
7/29/2015,33.29,5676513,32.66,33.47,32.51
7/28/2015,32.48,23225180,32,32.54,31.42
7/27/2015,32.15,9851401,32.8,33.32,32.06
7/24/2015,34.64,8747150,35.4,35.56,33.97
7/23/2015,34.7,7752843,35.45,35.45,33.915
7/22/2015,35.38,5016880,34.99,35.41,34.65
7/21/2015,35.31,4792782,35.39,35.4,35
7/20/2015,35.06,5797925,34.94,35.4,34.52
7/17/2015,35.32,10049410,34.5,35.4,34.41
7/16/2015,33.84,7102969,32.8,34.34,32.731
7/15/2015,32.39,7340384,33.47,34,32.15
7/14/2015,33.92,5286677,33.66,34.37,33.5
7/13/2015,33.9,8574981,32.95,34.45,32.95
7/10/2015,32.4,9766733,32.88,33.2502,32.35
7/9/2015,32.78,14261520,32.84,33.42,31.88
7/8/2015,30.32,13744740,28.91,30.86,28.71
7/7/2015,30.61,25390780,30.2,30.965,28.13
7/6/2015,31.89,9591410,31.6,32.4,31.2
7/2/2015,33.13,4676417,33.48,33.64,32.8
7/1/2015,33.25,7796881,34.08,34.205,32.93
6/30/2015,34.1,9250486,33.07,34.1,33.03
6/29/2015,32.5,9320936,32.62,33.176,31.72
6/26/2015,33.455,10653970,33.1,33.55,32.08
6/25/2015,34.02,5481145,34.57,34.74,33.64
6/24/2015,34.78,4966740,34.9,35.48,34.67
6/23/2015,34.59,6148632,35,35,34.41
6/22/2015,34.59,6596922,34.95,35.04,34.41
6/19/2015,34.61,10380480,35,35.22,33.92
6/18/2015,35.57,8528027,35.5,35.9,35.055
6/17/2015,35.45,11749560,37.03,37.15,35.38
6/16/2015,36.5,5084071,36.43,37,36.24
6/15/2015,36.63,7434867,37.27,37.82,36.53
6/12/2015,37.95,10368910,36.97,38,36.86
6/11/2015,36.87,6129842,36.37,37.15,36.34
6/10/2015,36.26,8394103,36,36.6,35.78
6/9/2015,36.43,11902870,36.3,36.66,35.45
6/8/2015,36.23,19788510,36.01,37.06,35.77
6/5/2015,35.67,21242520,34.08,36.59,33.95
6/4/2015,34.12,6227909,34.62,34.62,33.89
6/3/2015,34.77,8312875,34.96,35.19,34.57
6/2/2015,34.8,7089102,34.29,35.05,34
6/1/2015,34.76,9594237,33.88,34.96,33.8
5/29/2015,33.68,8278785,33.95,34.37,33.4
5/28/2015,34.02,6050491,33.73,34.25,33.49
5/27/2015,34.25,4805925,34.1,34.47,33.36
5/26/2015,34.21,9729578,35.07,35.37,33.96
5/22/2015,34.89,10110130,34.06,34.89,33.8
5/21/2015,33.86,10694510,33.82,34.09,33.47
5/20/2015,33.73,5652600,34.08,34.35,33.46
5/19/2015,34.15,7229428,33.95,34.2,33.57
5/18/2015,33.91,7335894,33.44,34.25,33.3
5/15/2015,33.4,12082890,33,33.85,32.3
5/14/2015,33.38,7195678,32.97,33.64,32.7
5/13/2015,32.76,9153791,32.76,32.89,32.28
5/12/2015,32.77,11024090,34.19,34.43,32.6
5/11/2015,34.46,7215117,34,34.52,33.51
5/8/2015,33.74,11415960,32.96,33.85,32.1
5/7/2015,33.08,10152320,33.8,33.8,32.36
5/6/2015,32.48,7477086,33.55,33.65,32.38
5/5/2015,33.7,4675067,34,34.14,33.15
5/4/2015,34.29,7702190,34.01,34.91,33.7
5/1/2015,33.53,5292610,33.88,34,32.71
4/30/2015,33.56,5762377,34.2,34.51,33.12
4/29/2015,34.2,8295294,34.78,34.97,34
4/28/2015,35.02,8616963,35.45,35.5,34.43
4/27/2015,35.28,15400380,34.93,36.75,34.93
4/24/2015,34.72,11211560,33.8,35.29,33.8
4/23/2015,33.66,8123560,33.93,34.04,33.5
4/22/2015,33.76,7416751,33.89,34.05,33.4799
4/21/2015,33.72,5928740,33.07,33.85,32.87
4/20/2015,33,4529356,33.3,33.39,32.67
4/17/2015,33.19,7254679,33.13,33.72,32.65
4/16/2015,33.95,6719536,33.55,34.075,33.04
4/15/2015,33.55,7760922,33.83,34.23,33.4
4/14/2015,33.22,10740050,33.77,33.82,32.7
4/13/2015,34.11,17578890,33.39,34.77,33.05
4/10/2015,33.23,7203705,32.7,33.56,32.54
4/9/2015,32.69,8577723,33,33.71,32.365
4/8/2015,32.66,12984760,31.47,32.95,31.45
4/7/2015,31,11664720,30.13,31.84,30.1225
4/6/2015,30.03,10964680,29.44,30.52,29.4
4/2/2015,29.49,6977785,29.4,30.0701,29.3
4/1/2015,29.22,5061381,29.45,29.81,29.01
3/31/2015,29.38,4493033,29.58,29.74,29.35
3/30/2015,29.75,4828489,30.22,30.27,29.24
3/27/2015,30.08,5199333,29.89,30.2,29.72
3/26/2015,29.78,5690068,29.63,30.28,29.36
3/25/2015,29.71,12661510,29.84,30.6,29.66
3/24/2015,29.74,18076860,28.79,29.99,28.71
3/23/2015,29,8157788,28.96,29.2,28.74
3/20/2015,29.11,8733202,29.15,29.16,28.84
3/19/2015,28.94,6348474,29,29.13,28.64
3/18/2015,29.01,9694218,28.02,29.06,28.02
3/17/2015,28.53,14498570,28,28.7,27.69
3/16/2015,27.72,10363330,27.87,28.19,27.41
3/13/2015,28.08,8797793,28.2,28.3,27.811
3/12/2015,28.2,6445055,27.78,28.26,27.53
3/11/2015,27.51,6976271,28.14,28.14,27.11
3/10/2015,28.25,8779659,28.59,28.7595,27.75
3/9/2015,28.92,6116508,28.52,29.16,28.52
3/6/2015,28.62,11476140,28.5,29.28,28.5
3/5/2015,29,10021650,28.33,29.04,27.05
3/4/2015,27.72,7161998,28,28.2,27.3
3/3/2015,27.53,24160610,29.3,29.9,27.34
3/2/2015,28.15,10041530,27.84,28.22,27.67
2/27/2015,27.67,8210169,28,28.17,27.34
2/26/2015,28,5438016,27.57,28.35,27.2
2/25/2015,27.3,6402621,27.34,27.66,26.87
2/24/2015,27.49,3618029,27.9,28.14,27.48
2/23/2015,28.11,3698761,28.2,28.49,28
2/20/2015,28.21,4147415,27.92,28.27,27.45
2/19/2015,27.83,4433826,28.22,28.22,27.429
2/18/2015,28,12621920,27.4,28.49,27.19
2/17/2015,27.3,5805007,26.42,27.31,25.98
2/13/2015,26.23,3839655,26.7,26.86,26.13
2/12/2015,26.5,7894851,26.67,27,26.36
2/11/2015,26.45,6129579,26.27,26.81,26.1881
2/10/2015,26.32,4944467,26.65,26.93,26.198
2/9/2015,26.61,8417707,26.81,27.35,26.48
2/6/2015,26.46,4904735,26.66,26.92,26.05
2/5/2015,26.81,4453579,26.69,26.99,26.43
2/4/2015,26.71,7960879,26.23,26.91,26.1
2/3/2015,26.32,10488760,25.63,26.44,25.46
2/2/2015,25.48,5630945,24.99,25.48,24.35
1/30/2015,24.84,5581429,24.6,25,24.52
1/29/2015,24.69,12245430,25.39,25.98,24.52
1/28/2015,25.99,14541890,25.46,26.33,25.38
1/27/2015,25.34,11316420,24.68,25.64,24.33
1/26/2015,25.01,7529514,24.47,25.04,24.47
1/23/2015,24.65,7165237,24.23,25.07,23.89
1/22/2015,24.34,4051177,24.41,24.49,24
1/21/2015,24.48,7539974,24.42,24.88,24.23
1/20/2015,24.56,6652694,24.04,24.78,23.81
1/16/2015,24.07,6879112,23.19,24.17,23.08
1/15/2015,23.32,5076823,24.02,24.03,22.96
1/14/2015,23.82,3828210,23.6,24.3,23.5
1/13/2015,23.84,4772058,24.27,24.33,23.59
1/12/2015,24.11,4225937,24.88,24.88,23.84
1/9/2015,24.94,8119764,25.01,25.555,24.75
1/8/2015,25.08,12798980,24.82,25.29,24.51
1/7/2015,24.81,9084399,24.86,25.09,24.57
1/6/2015,24.53,9797772,24.6,25.01,24.15
1/5/2015,24.58,5033850,24.02,24.95,24
1/2/2015,24.02,3358492,23.37,24.11,23.15
12/31/2014,23.14,5262642,23.3,23.48,22.85
12/30/2014,23.25,7020679,23.51,24,23.13
12/29/2014,24.08,4081498,23.93,24.18,23.53
12/26/2014,24.56,1405473,24.5,24.63,24.18
12/24/2014,24.61,1220025,24.71,24.95,24.49
12/23/2014,24.73,4738964,24.82,24.95,24.39
12/22/2014,24.9,8317958,24.28,25.02,23.945
12/19/2014,24.57,9328590,24.23,24.72,23.98
12/18/2014,24.27,7931413,23.89,24.63,23.8
12/17/2014,23.5,8793840,23.22,23.531,23.02
12/16/2014,23.13,7588722,23,23.2,22.71
12/15/2014,23.26,7064854,24.2,24.38,22.92
12/12/2014,23.97,4648848,24.39,24.6,23.95
12/11/2014,24.79,7100967,24.84,25.5,24.63
12/10/2014,24.75,11808890,24.94,25.16,24.19
12/9/2014,25.42,20064540,22.61,25.95,22
12/8/2014,23.24,17041400,22.88,23.7,22.86
12/5/2014,23.85,8292435,24.36,24.5,23.4
12/4/2014,24.47,5112194,24.31,24.74,24.2
12/3/2014,24.6,18610240,24.4,25.25,24.17
12/2/2014,23.91,14819970,22.15,24.74,22.1
12/1/2014,21.97,6060046,23.53,23.64,21.78
11/28/2014,23.52,1939708,23.85,24.12,23.27
11/26/2014,23.78,2226708,23.74,24.1,23.53
11/25/2014,23.79,3210275,24.08,24.0878,23.48
11/24/2014,24.04,4619566,23.73,24.3,23.55
11/21/2014,24.08,4112839,24.425,25.26,23.8
11/20/2014,23.75,7407277,24.37,24.39,23.58
11/19/2014,24.5,3618349,25.05,25.9,24.49
11/18/2014,25.41,4664496,25,25.46,24.85
11/17/2014,25,11757750,27.78,28,24.8
11/14/2014,27.01,6196190,27.36,27.45,26.3
11/13/2014,27.32,5943886,27.75,28.4,26.91
11/12/2014,27.65,9198722,26,28.255,25.853
11/11/2014,25.81,3538872,26.35,26.45,25.4
11/10/2014,26.25,7669983,25.25,27.07,25.2164
11/7/2014,24.74,2587234,24.48,24.96,24.4
11/6/2014,24.53,3403301,23.95,24.6,23.61
11/5/2014,23.91,4600348,25.36,25.36,23.88
11/4/2014,24.91,4505080,24.76,25.06,24.3
11/3/2014,24.77,5734597,23.6,25.4,23.57
10/31/2014,23.89,5496987,24.29,24.5,23.732
10/30/2014,23.88,4398410,24.2,24.35,23.51
10/29/2014,24.1,2871141,24.7,24.88,24.09
10/28/2014,24.78,2725813,24.31,24.8,24.16
10/27/2014,24.13,3528318,23.75,24.55,23.7
10/24/2014,24.02,8019400,24.65,24.74,23.3
10/23/2014,24.66,3985431,25.73,25.98,24.6
10/22/2014,25.44,2541437,25.5,26,25.08
10/21/2014,25.4,3216333,25.46,25.7999,24.9
10/20/2014,25.41,3292332,25.4,25.77,24.61
10/17/2014,25.07,4941445,25.64,26.27,24.38
10/16/2014,25.02,3851470,23.65,25.05,23.33
10/15/2014,24.3,4349443,23.25,24.33,22.89
10/14/2014,23.9,7694725,24.17,24.4,22.6
10/13/2014,24.06,7492679,25,25.2,23.83
10/10/2014,25.01,5529762,25.21,25.41,24.1
10/9/2014,25.66,4066646,26.3,26.4,25.56
10/8/2014,26.4,4149259,25.34,26.43,25.01
10/7/2014,25.35,4076913,25.8,26.04,25.28
10/6/2014,25.96,2441918,26.34,26.794,25.85
10/3/2014,25.98,2117887,25.98,26.38,25.8
10/2/2014,25.69,4941500,25.02,26.18,24.99
10/1/2014,25.02,4849875,25.52,26.16,24.98
9/30/2014,25.82,5396429,26.33,26.35,25.3
9/29/2014,26.33,3475360,26.48,26.7,26
9/26/2014,26.93,2482668,26.6,27,26.53
9/25/2014,26.57,5452969,27.46,27.65,26.095
9/24/2014,27.18,2860654,27.01,27.4324,26.8
9/23/2014,26.57,5952723,27.02,27.16,25.84
9/22/2014,26.97,8113691,27.68,28.33,26.68
9/19/2014,28.35,12484100,30,30.2,27.64
9/18/2014,29.55,7450748,27.87,29.77,27.87
9/17/2014,28.1,3367339,27.98,28.24,27.73
9/16/2014,27.8,7236662,28.55,28.76,27.05
9/15/2014,28.87,5209897,29.59,29.6,28.36
9/12/2014,29.25,4192380,29.32,29.89,29.01
9/11/2014,29.12,5496864,28.67,29.17,28.18
9/10/2014,28.35,7511421,29.04,29.23,28.02
9/9/2014,29.06,3332138,29.22,29.57,28.99
9/8/2014,29.13,3337137,29,29.6,28.93
9/5/2014,29.03,7118749,30.34,30.42,28.9
9/4/2014,30.26,3774530,30.81,31.47,29.679
9/3/2014,30.81,2753786,31.5,31.55,30.57
9/2/2014,31.07,7450686,32,32.35,30.32
8/29/2014,31.92,3442072,31.54,32.07,31.3
8/28/2014,31.44,6760479,32.3,32.31,31.38
8/27/2014,32.64,7753010,31.85,33.1,31.83
8/26/2014,32.01,5337556,31.19,32.08,31.12
8/25/2014,31.34,3470124,31.31,31.45,30.74
8/22/2014,30.96,2418144,30.81,31.2,30.81
8/21/2014,30.82,4314716,31.02,31.45,30.53
8/20/2014,30.93,4140640,30.08,31.15,30.07
8/19/2014,30.21,10274720,30.42,31.81,29.89
8/18/2014,30.04,6617192,30.075,30.61,29.52
8/15/2014,29.58,10579880,28.69,30.7,28.1
8/14/2014,30.01,5522288,30.4,30.7,29.71
8/13/2014,30.47,8349336,28.95,30.56,28.95
8/12/2014,28.77,2739685,28.3,28.98,28.3
8/11/2014,28.21,4202929,28.8,29,28.09
8/8/2014,28.36,3707057,27.84,28.38,27.6
8/7/2014,27.48,3861885,27.75,28.07,27.38
8/6/2014,27.51,2412097,27.56,27.73,27.3
8/5/2014,27.73,2892473,27.7,28.187,27.5
8/4/2014,27.79,5315340,28.2,28.3,27.56
8/1/2014,27.94,4554124,28.55,28.7899,27.3
7/31/2014,28.58,2977269,28.5,28.9,28.1
7/30/2014,29.07,3085033,30.06,30.1,29.02
7/29/2014,29.62,3316464,29.83,30.22,29.5
7/28/2014,29.49,5040466,29.26,30.35,29.07
7/25/2014,29.03,3871947,29.1,29.48,28.5
7/24/2014,29.05,2732332,28,29.23,27.9
7/23/2014,27.88,2476878,28.89,29.06,27.81
7/22/2014,28.73,2304091,28.84,29.3799,28.5
7/21/2014,28.54,2085526,27.67,28.66,27.67
7/18/2014,27.82,1993898,27.74,28.33,27.5
7/17/2014,27.5599,3733353,28.82,29.39,27.5
7/16/2014,29.11,3785165,28.5,29.3,28.3
7/15/2014,28.21,3424997,28.2,28.4,27.7501
7/14/2014,28.04,2849871,27.63,28.23,27.5
7/11/2014,27.04,3298123,27.51,27.9,26.85
7/10/2014,27.7,4717649,25.83,27.7956,25.28
7/9/2014,26.36,4547601,27.09,27.15,26.05
7/8/2014,26.47,6439139,28.08,28.08,25.81
7/7/2014,27.63,3826103,28.01,28.73,27.45
7/3/2014,27.79,4398182,29.28,29.35,27.53
7/2/2014,28.96,6108013,30.4,30.41,28.5
7/1/2014,29.69,12594670,29,31.22,28.8601
6/30/2014,28.51,3984811,28.17,28.53,27.68
6/27/2014,28.01,3066215,28.36,28.5,27.71
6/26/2014,28.3,3620877,27.14,28.35,26.81
6/25/2014,27.07,1923508,27.25,27.35,26.45
6/24/2014,27.04,5736839,26.51,27.34,26.51
6/23/2014,26.37,5590627,25.11,26.46,25.1
6/20/2014,25.45,7613266,25.75,25.97,24.92
6/19/2014,25.83,3715832,27,27,25.8
6/18/2014,26.52,5271762,27.44,27.89,26.03
6/17/2014,27.019,3651863,27.22,27.45,26.63
6/16/2014,26.89,6159700,27.22,27.44,26.38
6/13/2014,27.79,5161383,27.68,28.2,27.13
6/12/2014,27.17,9157254,29.59,29.6,26.34
6/11/2014,29,6552525,28.1,29.49,28.1
6/10/2014,28.35,5616467,28.82,28.86,27.7
6/9/2014,28.43,10635160,27,29.09,26.58
6/6/2014,26.58,4316525,26.5,27.04,26.31
6/5/2014,25.78,7932484,24.8,26.75,24.6
6/4/2014,24.54,2990774,24.99,25.28,24.44
6/3/2014,25.1,3377464,24.17,25.25,24.03
6/2/2014,24.6,3807435,25.4,25.44,24.07
5/30/2014,25,6299183,25.27,25.56,23.79
5/29/2014,25.4,8524366,25.04,25.69,24.24
5/28/2014,24.78,16778190,22.98,25.3,22.8
5/27/2014,22.97,15323000,20.28,22.98,20.25
5/23/2014,20.1,20886650,21.25,21.25,19.94
5/22/2014,20.9,84423240,21.75,22.8,20.24
